UID,HOTKEY,COLDKEY,STAKE(τ),RANK,TRUST,CONSENSUS,INCENTIVE,DIVIDENDS,EMISSION(ρ),VTRUST
0,5Dee4NS7DYQVnXdgqb7gbUfcdJFpttLNZfZo5hhkshBnaLSP,5GVqPUc2uzD1CAi9vFeaV9TTynffSaVui7XhW3Mcg1fGvDir,10.594279,0.0012054627,0.525246,0.0011291676,0.0012054627,0.0,0.001275881,0.0
1,5DGB9JWX2EUpJh1Ws2bLPTt96zmvaRRKApfrJdzh6LgRCQDG,5D24HvAjvaHMbWL3Bn5HaTVxEVrKhWj6xtNnkwqBGCajEjvo,0.0,0.001373312,0.5461509,0.0014648661,0.001373312,0.0,0.001464752,0.0
2,5DXfjn3FahJNjWBde5skCzypVbgbEAHjMa9nz9ZmbCzoszNM,5DqybYVC9CGUGndwW5Duiv5DNBKYREZPBWJoykD7AYoPMVcZ,0.0,0.003448539,0.7629511,0.0036316472,0.003448539,0.0,0.003646982,0.0
3,5FFApaS75bv5pJHfAp2FVLBj9ZaXuFDjEypsaBNc1wCfe52v,5GZSAgaVGQqegjhEkxpJjpSVLVmNnE2vx2PFLzr7kBBMKpGQ,475569.06,0.0,0.0,0.0,0.0,0.09211872,0.09731108,0.77103835
4,5FTginZV5rZEKbhcvLgbGYYRwsnVufKw2ZzxkRTVZTVkiCjJ,5G67pbmDqPxdw8zBqDDTBtSpxWrkmHc85wTXSRRkGrtYDUxt,0.030323436,0.0039368276,0.7356069,0.0037079423,0.0039368276,0.0,0.004165975,0.0
5,5Chbaa7ikTU4PBt2BM8MN44wiEgiKTcK6BWn434LiFU8hWkq,5HYCHWjd55t9qPWUkrEX2PUmWTxhYr67bEQoe3RLTAw1G3su,0.0,0.0066224155,0.94923323,0.006378271,0.0066224155,0.0,0.007000998,0.0
6,5CXRfP2ekFhe62r7q3vppRajJmGhTi7vwvb2yr79jveZ282w,5CMEwRYLefRmtJg7zzRyJtcXrQqmspr9B1r1nKySDReA37Z1,83161.734,0.0,0.0,0.0,0.0,0.015808348,0.016704554,0.7515068
7,5Ct4ByaxN2HKyzbzDZ2tKr3s3VgGk19uDbQRH55UfFoQy4Kt,5FvfCgAB4SbcSV4HJmzRrcmWTjjKiM7E6wXR6p96vaH2oCLo,0.45865273,0.002136263,0.63706416,0.002014191,0.002136263,0.0,0.002268624,0.0
8,5HR1WweBmXBSpHnt4pLkbLL3UzLXTuPnr2jrKmN5JGAEPCng,5Do8ukQfSHgJ56GvcoBxxXDit2zrSimcpRSRtF7fXAuNQHsE,0.0,0.0077973604,0.9441825,0.007049668,0.0077973604,0.0,0.00825225,0.0
9,5CcYFk2SceeFfsdCskA4STk9gkBK5FYM2qEbnCdh75RwyJWC,5HYCHWjd55t9qPWUkrEX2PUmWTxhYr67bEQoe3RLTAw1G3su,0.1285643,0.0042267493,0.8142977,0.003952087,0.0042267493,0.0,0.004470725,0.0
10,5Fsk7bmG3oBKDXzcKWAnHibrGd5vjr2CZm5aZZnMqtER7v1W,5FvfCgAB4SbcSV4HJmzRrcmWTjjKiM7E6wXR6p96vaH2oCLo,0.052597694,0.0024719615,0.57587546,0.002822919,0.0024719615,0.0,0.00262183,0.0
11,5Eq9mPpEGmuFvPWqdrcvoHcmhbf1JkUoW9SqA9BCFkajuq9u,5HYCHWjd55t9qPWUkrEX2PUmWTxhYr67bEQoe3RLTAw1G3su,0.10141288,0.0029449912,0.67409784,0.0028839551,0.0029449912,0.0,0.003122614,0.0
12,5Gp6YtFAutDJsx9qLa8iPTCgSMgHSCntRz5QePXAPZvWwVab,5HYCHWjd55t9qPWUkrEX2PUmWTxhYr67bEQoe3RLTAw1G3su,0.11485185,0.008239872,0.94073397,0.007370108,0.008239872,0.0,0.00870454,0.0
13,5HmkLyg7Hospnzc1ekPKX9R9F2cSqxy6H1kEYEELYR8hWpvw,5DqybYVC9CGUGndwW5Duiv5DNBKYREZPBWJoykD7AYoPMVcZ,0.0,0.006881819,0.94166476,0.006988632,0.006881819,0.0,0.007270419,0.0
14,5HEVqjRtHrsqX8DJyaGqWcxvJ5pSFQG6XVuen8eRg9SPBpG7,5DqybYVC9CGUGndwW5Duiv5DNBKYREZPBWJoykD7AYoPMVcZ,0.0,0.0026092927,0.6845502,0.0026855879,0.0026092927,0.0,0.002759555,0.0
15,5EoFGhmLqMyobUDdLLfpHi183zLDLwqZBCzXTrp3ecJAgGiH,5DqybYVC9CGUGndwW5Duiv5DNBKYREZPBWJoykD7AYoPMVcZ,0.0,0.0063630124,0.8949111,0.006286717,0.0063630124,0.0,0.006734052,0.0
16,5GuZCy7qP41U7kJtPQwRP9kGjn6tvjFpFgCMzGdHtpEU8qCz,5FvfCgAB4SbcSV4HJmzRrcmWTjjKiM7E6wXR6p96vaH2oCLo,0.06368662,0.0022888533,0.53507286,0.0024414435,0.0022888533,0.0,0.002427173,0.0
17,5HKfWfRNJeaEUp4eGSf6o1Q7PHsPq1uhaSMG8gn89tMwQEnc,5DaYQHF5ZyRUxj922L3VH1UnBCkg5R3izJ3iwufGd6EcuPtA,0.11867843,0.0048981463,0.80604255,0.004776074,0.0048981463,0.0,0.005175574,0.0
18,5CtDVhmr8MqyjYKY1KRXWWV6xRtMTq237ejJmZoufjXob3cP,5F4VjGyVJHXQ2xurQUdVkRu1bvAcqtf1L9WTqWT4GphvusJU,0.21064068,0.0031280995,0.7617609,0.0033264668,0.0031280995,0.0,0.00331747,0.0
19,5CFEBp8njN3YhG7RnM62RgkxjjkFNWaAxsao2v8shB6G8eHB,5HVzBQu6S4e2YtgnW6m1tc6wjZDmdgM6APon8yU6pBbeYZZB,0.09411311,0.0023498894,0.6411536,0.0022430762,0.0023498894,0.0,0.002484639,0.0
20,5EHSwzpkZpMC9SkrB5dG9zQqo4KzQ55n4Yp4ZvgCUhN6TNDB,5DaYQHF5ZyRUxj922L3VH1UnBCkg5R3izJ3iwufGd6EcuPtA,0.0,0.007461662,0.956405,0.0072022583,0.007461662,0.0,0.007886032,0.0
21,5CtD1onVsKXHUaAJv6RCfRzzjajBfCn5w2BdZP8kFHqMgY46,5FLYfLJnMgVcHrQTLDUz2YFDUQV73ixvoiuyVtZJLrc3xJQQ,0.60726887,0.0031433585,0.7649653,0.0028839551,0.0031433585,0.0,0.003322046,0.0
22,5CdTfUJL2FzdTm2cNN57b668MoJDLw17dZWuUGNKzSm8jpWM,5DqybYVC9CGUGndwW5Duiv5DNBKYREZPBWJoykD7AYoPMVcZ,0.0,0.004715038,0.8867933,0.004730297,0.004715038,0.0,0.004982464,0.0
23,5FtE8C4dRMNcwzipe6FSW8yw358Fn8aSo6vgozXEsSruc3yd,5FvfCgAB4SbcSV4HJmzRrcmWTjjKiM7E6wXR6p96vaH2oCLo,0.067781605,0.0043488215,0.94280916,0.00483711,0.0043488215,0.0,0.004603436,0.0
24,5E9b5e7sdy7pguj3QT9oKSnVEbKJnhtYidiFAzsHWai7QcYP,5FvfCgAB4SbcSV4HJmzRrcmWTjjKiM7E6wXR6p96vaH2oCLo,0.066943236,0.0014648661,0.6111696,0.001358053,0.0014648661,0.0,0.00156208,0.0
25,5Cwmue13pXu3uLinuRGndyEUZqpogeGggqdStzfAnsi2rjC7,5HVzBQu6S4e2YtgnW6m1tc6wjZDmdgM6APon8yU6pBbeYZZB,0.559452,0.0014953841,0.64739454,0.00140383,0.0014953841,0.0,0.001580023,0.0
26,5EvnrYkrhbMBLoGacUhQ72aJtP9qb9ri5Ej3inWG1A8YtzJa,5HgoZhLmK6zk7vk4qt2zyU8cUi7N5VAxbrYYGP2nKVefr4zG,0.017381527,0.0017700465,0.55986875,0.0018768597,0.0017700465,0.0,0.001870578,0.0
27,5E5NuMFSoHTtM3PqSwojtfftmAHfABfVXa1Xnrg1yY3NFYB3,5Do8ukQfSHgJ56GvcoBxxXDit2zrSimcpRSRtF7fXAuNQHsE,0.0,0.0024261845,0.66536963,0.002822919,0.0024261845,0.0,0.002574857,0.0
28,5Dew5DefbKFUeq71Wj1JZShNN1Wtqi78zbjkqXRQHisUbqLB,5HVzBQu6S4e2YtgnW6m1tc6wjZDmdgM6APon8yU6pBbeYZZB,0.47547832,0.0015106432,0.45654994,0.0015869383,0.0015106432,0.0,0.001603135,0.0
29,5HNKR1jsVnjmYCAccaej84PNeZBUY4RoWCh3289CQ2g3znUT,5DaYQHF5ZyRUxj922L3VH1UnBCkg5R3izJ3iwufGd6EcuPtA,0.14097372,0.0016174563,0.49416342,0.0017700465,0.0016174563,0.0,0.001718537,0.0
30,5D4oo3Z5VFUJtFWcK9wtfPqkGnzVubSFMnWnMKUVkDxsrWSj,5HnDZjnkwainGcn6WntuLc2GY8CHepMEDHcNdjy6f6rMnGsF,25217.275,0.00030518044,0.63762873,0.00033569848,0.00030518044,0.004745556,0.005365942,0.9027695
31,5Ft2vKRuCxRSgojYubtrN3hNJBQ6v8CHeUqkBatLJkDTG2N4,5DaYQHF5ZyRUxj922L3VH1UnBCkg5R3izJ3iwufGd6EcuPtA,0.0,0.002792401,0.6534218,0.002731365,0.002792401,0.0,0.002961808,0.0
32,5GemGqgoPrDrfFf9F2RJgwZhfSQMz4si566JDuHrzSKHPMsr,5FH5zL2X5FVToqEEQNQoZ5z3xMtcCLEKSFRkHX6jMSTndfUZ,0.08670457,0.0028992142,0.7108263,0.0029449912,0.0028992142,0.0,0.003064751,0.0
33,5C5n31qn2zT2P55Q8BZVjookT3agGETav2RYf5z3fuaRRpdK,5F75kjdgqhuUrLmjyx7R2J3S5cq9NX76b3nyHTQEii8N44qM,0.094385326,0.0011291676,0.5551537,0.0010681315,0.0011291676,0.0,0.001206446,0.0
34,5GeZnwcc7AWsf86pbo4L28YFsGqFuBQ2bW7tsqTiSrEZP2hQ,5Do8ukQfSHgJ56GvcoBxxXDit2zrSimcpRSRtF7fXAuNQHsE,0.0,0.0021972992,0.5342489,0.0019073777,0.0021972992,0.0,0.002333819,0.0
35,5Hj6WqPoeSbVuWSo5kkfwnU5johqFHUCv69Y1VWv3edK2GXK,5Do8ukQfSHgJ56GvcoBxxXDit2zrSimcpRSRtF7fXAuNQHsE,0.0,0.0026703288,0.5826505,0.0024872206,0.0026703288,0.0,0.002821203,0.0
36,5FPNUcSvTid2DgCtsnvd2eM87wrp96pMJPqUk3dk7WHwKQ8q,5DaYQHF5ZyRUxj922L3VH1UnBCkg5R3izJ3iwufGd6EcuPtA,0.0,0.0032501717,0.753048,0.0033112078,0.0032501717,0.0,0.003443896,0.0
37,5FhRevEMMXG3fEiErehvY9zAJMWySt7y1Enc6WvYUcKRyocB,5D24HvAjvaHMbWL3Bn5HaTVxEVrKhWj6xtNnkwqBGCajEjvo,0.0,0.00051880674,0.28545052,0.0004882887,0.00051880674,0.0,0.000559805,0.0
38,5HCDsXxF8wQM8usfrRMgpZDu3ezvXzbqcBLRFJ2hovjt6rn9,5DqybYVC9CGUGndwW5Duiv5DNBKYREZPBWJoykD7AYoPMVcZ,0.0,0.0039978637,0.8738384,0.004074159,0.0039978637,0.0,0.004235465,0.0
39,5GpkUZtMaaeM1TFpMRxBVwU2nMaorzrGtChKHXD2jSRq7i4s,5F75kjdgqhuUrLmjyx7R2J3S5cq9NX76b3nyHTQEii8N44qM,0.5258692,0.002868696,0.84608227,0.0029144732,0.002868696,0.0,0.00303375,0.0
40,5Ejek2m4rf6KeBGu9zt3QiGLEhXPmSrpGMxCLDQCkDxKqKwX,5HVwgsJ39C2cwbTYepHwSS7VkBwzvc7e4hUfDjEqg2uygaLU,0.056590743,0.0030365454,0.8128023,0.0033569848,0.0030365454,0.0,0.003213987,0.0
41,5E4J47n4WYidfzYrH7waWkWo3EuHogRL3LBQFN41NyActXn3,5FLYfLJnMgVcHrQTLDUz2YFDUQV73ixvoiuyVtZJLrc3xJQQ,0.1143292,0.0033722438,0.74352634,0.0036774243,0.0033722438,0.0,0.003565467,0.0
42,5HbPq92LPN9SbVAS12aTx3p9ZBNhk2xm5s7v5xwQrcYhDJ2g,5F75kjdgqhuUrLmjyx7R2J3S5cq9NX76b3nyHTQEii8N44qM,0.07162872,0.0024261845,0.7017777,0.0030975814,0.0024261845,0.0,0.002566766,0.0
43,5E5PVfsF8UUnx3Z18xVyZ5HfDWEdXCwfmFMscQz9HJV821d3,5DaYQHF5ZyRUxj922L3VH1UnBCkg5R3izJ3iwufGd6EcuPtA,0.0,0.005004959,0.82827497,0.0044098576,0.005004959,0.0,0.005292228,0.0
44,5DZGB2MKVfPByvyPmdYs9ijc37N6uBgZwTrEFQfzEd8FZB72,5FLYfLJnMgVcHrQTLDUz2YFDUQV73ixvoiuyVtZJLrc3xJQQ,0.08593336,0.0017242695,0.48323795,0.0018616007,0.0017242695,0.0,0.001833917,0.0
45,5DAF4W8VzAGAwrwHBpxuA4igdHAA2Nhmp1nBzpwHrUY6yFmu,5FH5zL2X5FVToqEEQNQoZ5z3xMtcCLEKSFRkHX6jMSTndfUZ,0.056982007,0.003494316,0.7851072,0.0035858701,0.003494316,0.0,0.003692254,0.0
46,5GnEX6Y2A1jdYm6AyFPnUmvxmZCdRkc7uWcG9RA9DVgPREQX,5D24HvAjvaHMbWL3Bn5HaTVxEVrKhWj6xtNnkwqBGCajEjvo,0.0,0.0012664988,0.47150376,0.0010376135,0.0012664988,0.0,0.001353378,0.0
47,5Ca6sCD1otBiADpJXjbkJQGpH2FCXdgNKmgknMB82XH62WC6,5Cod7Vh7CF8hpfqfuYNDZ5CqJ68ieGERSsSHAhMrz78YKCax,0.58778703,0.0064698253,0.90543985,0.0064698253,0.0064698253,0.0,0.006848095,0.0
48,5EsTfyqrpKHqkVjEndQA9WX8eyPfWqvK73ci3JtTuSRYpf6z,5F75kjdgqhuUrLmjyx7R2J3S5cq9NX76b3nyHTQEii8N44qM,0.22491993,0.002166781,0.7858091,0.0022888533,0.002166781,0.0,0.00230232,0.0
49,5EcjpFft3tbTMFou28xCbT4eULgTjJKKJ7b5sewFXwdNP5Mw,5FLYfLJnMgVcHrQTLDUz2YFDUQV73ixvoiuyVtZJLrc3xJQQ,0.45558232,0.0014648661,0.5311971,0.0012664988,0.0014648661,0.0,0.001547877,0.0
50,5C8EMunPqiamP6ktSVdqDFFrcD15RVypVvzGUfhf8MKLidzb,5F75kjdgqhuUrLmjyx7R2J3S5cq9NX76b3nyHTQEii8N44qM,0.08138504,0.0012664988,0.5494316,0.0012817578,0.0012664988,0.0,0.00134306,0.0
51,5H8tZbrZDjrTay9Lebwb8PKvUNyHx77aVvZtUEP43fxdTonu,5FLYfLJnMgVcHrQTLDUz2YFDUQV73ixvoiuyVtZJLrc3xJQQ,0.46577063,0.0015259022,0.6515145,0.0012664988,0.0015259022,0.0,0.001611919,0.0
52,5HC8Sx4QfE5q7owzYBRN3bwwi81DHYWmHYUDULAwB9QEwXDt,5FLYfLJnMgVcHrQTLDUz2YFDUQV73ixvoiuyVtZJLrc3xJQQ,0.5576092,0.0021972992,0.6332952,0.0024261845,0.0021972992,0.0,0.002333901,0.0
53,5CY9ip7ieLSjwTaZeLuYPCWe7w1Y1TxF7WJstRnzVQhbNRLX,5Do8ukQfSHgJ56GvcoBxxXDit2zrSimcpRSRtF7fXAuNQHsE,0.0,0.0032349126,0.60276186,0.0030518044,0.0032349126,0.0,0.003417973,0.0
54,5F1Ri6uXpCPasoZPoZVbRERWn7AUwHHVUVw71dBWQQ1oKNGH,5D24HvAjvaHMbWL3Bn5HaTVxEVrKhWj6xtNnkwqBGCajEjvo,0.0,0.000701915,0.30534828,0.0007629511,0.000701915,0.0,0.000752211,0.0
55,5Dy9EHVmN46e7o7JD36T4zw18zVQjVKnZr6dTWi2GoBBaYR8,5Do8ukQfSHgJ56GvcoBxxXDit2zrSimcpRSRtF7fXAuNQHsE,0.0,0.0050965133,0.8681468,0.0044708936,0.0050965133,0.0,0.005385529,0.0
56,5Dc2HCh2CZoLxeXHr7DVh2WEnP7WWJmBLzUZT7zbMekpMkuE,5Cod7Vh7CF8hpfqfuYNDZ5CqJ68ieGERSsSHAhMrz78YKCax,0.4591604,0.0057526515,0.92779434,0.006347753,0.0057526515,0.0,0.006086134,0.0
57,5GW7WKmaYy3LYMrme9dwm1LUvQ853bRN6XMJAtRmHcHVn7mX,5DqybYVC9CGUGndwW5Duiv5DNBKYREZPBWJoykD7AYoPMVcZ,0.13704598,0.00608835,0.9119707,0.006134127,0.00608835,0.0,0.00644212,0.0
58,5CqSXAewFYxPNPcVgqafXuJFUufiqP57LLymLdiYMcd1SyMu,5DaYQHF5ZyRUxj922L3VH1UnBCkg5R3izJ3iwufGd6EcuPtA,0.0,0.003540093,0.66097504,0.0039368276,0.003540093,0.0,0.003743198,0.0
59,5DDX8P1kfmspXC7ngmK8QzrueJTneMQs4pLVLQ8ZbPb98Bm1,5DaYQHF5ZyRUxj922L3VH1UnBCkg5R3izJ3iwufGd6EcuPtA,0.0,0.0036011292,0.70486,0.0039063096,0.0036011292,0.0,0.003816972,0.0
60,5FkMQwK3SKzhMSgsYrsmUXBpqP8wi7UBZxqNhotefb7NR1Ua,5DaYQHF5ZyRUxj922L3VH1UnBCkg5R3izJ3iwufGd6EcuPtA,0.0,0.0037232013,0.709041,0.0037994965,0.0037232013,0.0,0.003940568,0.0
61,5Do4tEJj3sxc4SYqMz6W18UHDioKuEaMU3CRd2zuNPmRxvbB,5DaYQHF5ZyRUxj922L3VH1UnBCkg5R3izJ3iwufGd6EcuPtA,0.11790602,0.0018310826,0.44559395,0.0017853056,0.0018310826,0.0,0.001938674,0.0
62,5DMFQvKtZg64word7fSJNc4A7xwtQeRMx8UzdyJsiFuCF2ye,5DaYQHF5ZyRUxj922L3VH1UnBCkg5R3izJ3iwufGd6EcuPtA,0.11034622,0.0046387427,0.7197223,0.0043640803,0.0046387427,0.0,0.004909148,0.0
63,5DV5LK3QMBtfmt361wRzB6Wu1UpQ4hYubDzkv8jBRNnxcJUN,5DaYQHF5ZyRUxj922L3VH1UnBCkg5R3izJ3iwufGd6EcuPtA,0.0,0.0026245518,0.5811704,0.0024414435,0.0026245518,0.0,0.002774516,0.0
64,5HdLCr5NZDKQnvGK7jw8iKb9QPb7xJZLF6ZiUHBW2jUaQM4a,5DaYQHF5ZyRUxj922L3VH1UnBCkg5R3izJ3iwufGd6EcuPtA,0.13795309,0.0053406577,0.91958493,0.0052185855,0.0053406577,0.0,0.005650961,0.0
65,5FgzWCfHgbFY7FZeYDTQF5pGdjKh7QwBC9RFKS8r8tMTWF2x,5GhPY8W7PbsXimGf7HQTuXpRsPtrjvVcRkd8j8ddkFQ1wDEz,0.17922062,0.0031738766,0.8124056,0.0028839551,0.0031738766,0.0,0.003358523,0.0
66,5HEjx4oMr1RSVLTGmY5z6mJSssvcrUDEEexF54tuPYHcGWWh,5DaYQHF5ZyRUxj922L3VH1UnBCkg5R3izJ3iwufGd6EcuPtA,0.0,0.0043793395,0.7994812,0.0045319297,0.0043793395,0.0,0.004628419,0.0
67,5HdQ6kyxoZcdEV2Dp4koRV94dnUgvW6rSLfkXjC7FiGm3Vd7,5HVwgsJ39C2cwbTYepHwSS7VkBwzvc7e4hUfDjEqg2uygaLU,0.039686125,0.003479057,0.7452964,0.0032959487,0.003479057,0.0,0.003680668,0.0
68,5EvoJLCaviPaB3b6LeKcrKCGE33h8gDxC4fYHLrwwzNQHAgP,5DaYQHF5ZyRUxj922L3VH1UnBCkg5R3izJ3iwufGd6EcuPtA,0.12299598,0.0063019763,0.91735715,0.0057984283,0.0063019763,0.0,0.006661763,0.0
69,5F7QDnZ3AV44uWyWM2Yq6RE7ru4yWXjQSR5S5adrtC1J5FEK,5DqybYVC9CGUGndwW5Duiv5DNBKYREZPBWJoykD7AYoPMVcZ,0.0,0.004013123,0.7798581,0.004180972,0.004013123,0.0,0.004250056,0.0
70,5Fvmw1TEWcfeY4bmva2hshUFbJ1XgEyEwbrcprFQcSroPqnC,5DqybYVC9CGUGndwW5Duiv5DNBKYREZPBWJoykD7AYoPMVcZ,0.0,0.00546273,0.85720605,0.0050507365,0.00546273,0.0,0.005772038,0.0
71,5DevLw58wvPB4T25pxz3CebAQ3fUuLR4VAYograWanr5bLW4,5DaYQHF5ZyRUxj922L3VH1UnBCkg5R3izJ3iwufGd6EcuPtA,0.093561195,0.006408789,0.89820707,0.006378271,0.006408789,0.0,0.006773706,0.0
72,5CANR63B8JTgBCM2B9tJ8B3XDb3kSCEXoybyCuyB8pm472Mk,5HVzBQu6S4e2YtgnW6m1tc6wjZDmdgM6APon8yU6pBbeYZZB,0.5711531,0.0026092927,0.75904477,0.0026855879,0.0026092927,0.0,0.002756247,0.0
73,5DHrX9Qp913QLwLan7iNVbKwUqQENuEbsiDYKuQtmxgP4zka,5GhPY8W7PbsXimGf7HQTuXpRsPtrjvVcRkd8j8ddkFQ1wDEz,0.09204298,0.0032654307,0.8739605,0.0031738766,0.0032654307,0.0,0.003451065,0.0
74,5E4FyWtR97xydd2ZaXhG8bKnydiacweoLUXT5AJ26or8NVaC,5D24HvAjvaHMbWL3Bn5HaTVxEVrKhWj6xtNnkwqBGCajEjvo,0.0,0.005706874,0.91802853,0.0051880674,0.005706874,0.0,0.006034494,0.0
75,5DtR3wkXKT7BsicfzbwnCrENef7h8j5SKks3pyKUVxqHtWWe,5F75kjdgqhuUrLmjyx7R2J3S5cq9NX76b3nyHTQEii8N44qM,0.2229974,0.0032959487,0.86446935,0.0033569848,0.0032959487,0.0,0.003495486,0.0
76,5EXEsEbsMjC4wZmH1xu9LXhY7aM6bwfHYc6Eyxj1qiyJ7oWd,5FH5zL2X5FVToqEEQNQoZ5z3xMtcCLEKSFRkHX6jMSTndfUZ,0.10356284,0.0041962313,0.8077211,0.0041962313,0.0041962313,0.0,0.004446845,0.0
77,5Gn251fiCfFBBW9qNKxQjaa1mgd4e3Tr8YptSPRaPL8GP6Fj,5D24HvAjvaHMbWL3Bn5HaTVxEVrKhWj6xtNnkwqBGCajEjvo,0.0,0.004882887,0.8765087,0.005706874,0.004882887,0.0,0.005167388,0.0
78,5CMNZzgAnUDf5z2yY653xNjgpz6jxp38T3y8XzT2i3V3cf6C,5C7pj3icmVj2vgJpwy4qVnzjRUHqScRVckCW9EpLsxRrUmZi,0.28949133,0.0017395285,0.5401083,0.0016327153,0.0017395285,0.0,0.001842261,0.0
79,5F7UsEJZZCGgnNrWgbaMutLxPEhsQ1nBPqAQM8Ruskf2bi7F,5HVzBQu6S4e2YtgnW6m1tc6wjZDmdgM6APon8yU6pBbeYZZB,0.13816877,0.0023956664,0.7216602,0.0025329976,0.0023956664,0.0,0.002538318,0.0
80,5FTzbNkFR3USPdm5fNYzxmVyeyUi6mwKbHZDkuuFD3vqfgDS,5Do8ukQfSHgJ56GvcoBxxXDit2zrSimcpRSRtF7fXAuNQHsE,0.0,0.0063019763,0.9373312,0.007110704,0.0063019763,0.0,0.006660755,0.0
81,5FTXA4jhwxer3LvZDoxQY254Y8H2kNqAPW51zjcxgw9T33LC,5GhPY8W7PbsXimGf7HQTuXpRsPtrjvVcRkd8j8ddkFQ1wDEz,0.19425681,0.0031433585,0.8358892,0.0032043946,0.0031433585,0.0,0.003332671,0.0
82,5DfiLN87YMWukmFEVXimBTjjAjvgfBF3YNyesTQUugeBjbJf,5C7pj3icmVj2vgJpwy4qVnzjRUHqScRVckCW9EpLsxRrUmZi,0.07538851,0.0005493248,0.44475472,0.0005035477,0.0005493248,0.0,0.00059463,0.0
83,5FUgZxVyYew1KwdoBVjb3CPbdHB1SxCzPKyW6MSWm8Ro7Shy,5C7pj3icmVj2vgJpwy4qVnzjRUHqScRVckCW9EpLsxRrUmZi,0.04896667,0.0019989319,0.60028994,0.0022735943,0.0019989319,0.0,0.002114033,0.0
84,5HYrLC4TWhU1Qs9NJa1BZ1Tuayd9CBqPzJqWaSJNjvSzDEQx,5DqybYVC9CGUGndwW5Duiv5DNBKYREZPBWJoykD7AYoPMVcZ,0.0,0.003509575,0.68596935,0.0037537194,0.003509575,0.0,0.0037118,0.0
85,5CQHkZUYgt5DQpK31Y96TV7kmph4rxPWQb6Zci1jErvVWEUR,5HVzBQu6S4e2YtgnW6m1tc6wjZDmdgM6APon8yU6pBbeYZZB,0.08714468,0.0025329976,0.867628,0.0024567025,0.0025329976,0.0,0.002678705,0.0
86,5FnENuF3gYafQWhoSs8GLzc6EVN577dSMMiJ5L1bzH4EbEMV,5Do8ukQfSHgJ56GvcoBxxXDit2zrSimcpRSRtF7fXAuNQHsE,0.0,0.0060730907,0.86655986,0.006057832,0.0060730907,0.0,0.006427751,0.0
87,5E1u2eY49LUv2GPqrHezGFVhNBP6CSqE1Y9c5zvTd2GA99C6,5C7pj3icmVj2vgJpwy4qVnzjRUHqScRVckCW9EpLsxRrUmZi,0.14112146,0.0025329976,0.7721828,0.0024261845,0.0025329976,0.0,0.002687206,0.0
88,5HKasnTJ1zXvQJGvyPctEs4D2CpRLNqqDzJpLirJXqdmUBmY,5DqybYVC9CGUGndwW5Duiv5DNBKYREZPBWJoykD7AYoPMVcZ,0.0,1.5259022e-05,0.3125658,3.0518044e-05,1.5259022e-05,0.0,2.7308e-05,0.0
89,5DHeDCJWsZHYiwvqDHHCnkRGZE99W7HLAujAJQcK3Rg29azb,5C7pj3icmVj2vgJpwy4qVnzjRUHqScRVckCW9EpLsxRrUmZi,0.07454569,0.0015411612,0.59844357,0.0016174563,0.0015411612,0.0,0.001641373,0.0
90,5DaYEzpqNDDxiMb7RVvTBw2t3pUVqg8rb2E9KosGGbVbTKP9,5C7pj3icmVj2vgJpwy4qVnzjRUHqScRVckCW9EpLsxRrUmZi,0.0,0.0009765774,0.31546503,0.00094605936,0.0009765774,0.0,0.001040044,0.0
91,5DtoSESpMFfUG2s9d93gbqFvkDjz5ENiunyyp1SSB47Tq8fi,5C7pj3icmVj2vgJpwy4qVnzjRUHqScRVckCW9EpLsxRrUmZi,0.06508155,0.0023193713,0.72182804,0.0024261845,0.0023193713,0.0,0.002450577,0.0
92,5E5JW8n4LDDYQsjhAJtrRNcxujfZcsFoaTMDYtrhic3h4CQ7,5C7pj3icmVj2vgJpwy4qVnzjRUHqScRVckCW9EpLsxRrUmZi,0.096923,0.0022125582,0.65621424,0.002059968,0.0022125582,0.0,0.00233889,0.0
93,5FnL7dmmqEzfz9gVbsC53MTTizfqyWt9MGgyAugfniTRCXMS,5GhPY8W7PbsXimGf7HQTuXpRsPtrjvVcRkd8j8ddkFQ1wDEz,0.08925911,0.004074159,0.9016556,0.0043488215,0.004074159,0.0,0.004315256,0.0
94,5GH19gnmGV3JqxY4H54ZpVW6zZQJtWdbycEjJ31aXuH2vNDQ,5C7pj3icmVj2vgJpwy4qVnzjRUHqScRVckCW9EpLsxRrUmZi,0.18173167,0.0029144732,0.8730755,0.0031128405,0.0029144732,0.0,0.003093389,0.0
95,5Hp9CJ6tUGt44qqMMFx6xhKL36aj5xj5bSJpCYwrWN6ABvUo,5HYCHWjd55t9qPWUkrEX2PUmWTxhYr67bEQoe3RLTAw1G3su,0.104857735,0.0037232013,0.850309,0.0039063096,0.0037232013,0.0,0.003946762,0.0
96,5H3Pzouh8e4XKzQY1bDPjaLSUP9zfB1qXcDvU49ywSenRKMX,5HYCHWjd55t9qPWUkrEX2PUmWTxhYr67bEQoe3RLTAw1G3su,0.090666234,0.0056000613,0.78504616,0.004882887,0.0056000613,0.0,0.005917899,0.0
97,5GH1wikQavc4SGG7FcBYLBoudFpEUaS64DrjNFx8bwUnECUB,5GhPY8W7PbsXimGf7HQTuXpRsPtrjvVcRkd8j8ddkFQ1wDEz,0.11682788,0.004806592,0.8355993,0.0045777066,0.004806592,0.0,0.005079336,0.0
98,5EqCeTzouiPJxM1UZeNQfkjYbAea1SjTn5HeLN73j7Zd5wWk,5HYCHWjd55t9qPWUkrEX2PUmWTxhYr67bEQoe3RLTAw1G3su,0.10257151,0.0019836728,0.51042956,0.002090486,0.0019836728,0.0,0.0021013,0.0
99,5FW5vzz2cqswFtzC3UoxSHrbNZdYAaTDeC93hFPCNPuGnwDU,5HVwgsJ39C2cwbTYepHwSS7VkBwzvc7e4hUfDjEqg2uygaLU,0.04130221,0.0023193713,0.6559396,0.0023498894,0.0023193713,0.0,0.00245057,0.0
100,5H1RErBRivS4zyStbHMJhTb2SwahRV1LJBnCAt7bGqAw19Uq,5Cod7Vh7CF8hpfqfuYNDZ5CqJ68ieGERSsSHAhMrz78YKCax,0.53864545,0.005477989,0.9181964,0.0053406577,0.005477989,0.0,0.005789663,0.0
101,5EvNPfQffiofoAacJrxp8jTB5cVUV19xj4XrFip15PoZR4bH,5DeftBTmcB8AMtnb4RBwNCkXvpsZdjrPkLDTfiAfvrbeA5nZ,0.12751496,0.002746624,0.6662547,0.0029907683,0.002746624,0.0,0.002917268,0.0
102,5EeQi4xfQ9iu5BZsLVA5nSQr2YZomrzyajfsE85xURCbJMAd,5DqybYVC9CGUGndwW5Duiv5DNBKYREZPBWJoykD7AYoPMVcZ,0.0,0.004592966,0.82679486,0.00421149,0.004592966,0.0,0.004865706,0.0
103,5EboExCGEL5AMSAST4XNYbgfJgP84m19uc6s9K8ECKuAiVey,5D24HvAjvaHMbWL3Bn5HaTVxEVrKhWj6xtNnkwqBGCajEjvo,0.0,0.0019073777,0.5824979,0.0017853056,0.0019073777,0.0,0.002019343,0.0
104,5FntxaU1C1NcFYVaaZ9Eh3R8wM3S9UeqFgFxeRkRneDFXQTX,5DeftBTmcB8AMtnb4RBwNCkXvpsZdjrPkLDTfiAfvrbeA5nZ,0.0,0.003479057,0.7943694,0.0038910506,0.003479057,0.0,0.003690102,0.0
105,5E73wwkpKrTbPvhjaVdQTq9xw2mFFKHfYSArvEEbUeKPosdm,5D24HvAjvaHMbWL3Bn5HaTVxEVrKhWj6xtNnkwqBGCajEjvo,0.001350058,0.0031891356,0.7770962,0.0038300145,0.0031891356,0.0,0.00337366,0.0
106,5G7HVdSrYj4H3D6BrtJ5HGFDAksvKjSu3Eqth6Dvhhpq1aoS,5DeftBTmcB8AMtnb4RBwNCkXvpsZdjrPkLDTfiAfvrbeA5nZ,0.05072407,0.0025635157,0.81419086,0.0026550698,0.0025635157,0.0,0.002717624,0.0
107,5G7Bam1rCx7sCG8RTBh1nHDMzxfP8g3XCpuvT9iM5Vimu4iW,5DqybYVC9CGUGndwW5Duiv5DNBKYREZPBWJoykD7AYoPMVcZ,0.0,0.0045319297,0.78751814,0.0044403756,0.0045319297,0.0,0.004802679,0.0
108,5DPkaAQUh6e17gskoqWBaxdbaFjkp9qKYAPLZ8LnETeniz6k,5HVwgsJ39C2cwbTYepHwSS7VkBwzvc7e4hUfDjEqg2uygaLU,0.049429026,0.0019836728,0.74488443,0.0017090105,0.0019836728,0.0,0.002109846,0.0
109,5H6otB9dQof8ETQ1bgmiPMRmFh5nJcpRxnuX4o3yX12bmSbn,5DeftBTmcB8AMtnb4RBwNCkXvpsZdjrPkLDTfiAfvrbeA5nZ,0.059566632,0.0018310826,0.6165713,0.0018921187,0.0018310826,0.0,0.001948131,0.0
110,5GC5Ri3QnCYJj2jvwbJxNPcziNX7PfTvyhwDvW3nNxNPtqo8,5DeftBTmcB8AMtnb4RBwNCkXvpsZdjrPkLDTfiAfvrbeA5nZ,0.0,0.0026703288,0.74517435,0.0025635157,0.0026703288,0.0,0.002835567,0.0
111,5DbsKeZ8268yXf3Rd26nD2x8b7wPZnFjJWqKcUafnfr2AwWM,5D24HvAjvaHMbWL3Bn5HaTVxEVrKhWj6xtNnkwqBGCajEjvo,0.0,0.0016479744,0.49356833,0.0016174563,0.0016479744,0.0,0.001754688,0.0
112,5CuB9f1AD77qALGRu1AaN7hvVwbqmmmnFMFsK6xNQMmeqH8i,5DeftBTmcB8AMtnb4RBwNCkXvpsZdjrPkLDTfiAfvrbeA5nZ,0.0,0.0023651484,0.5336538,0.0024414435,0.0023651484,0.0,0.002512326,0.0
113,5FPGz1G58TF4mCbeMz71x7C1GhPFGcnSaPAVS9GWFNEACnCa,5DqybYVC9CGUGndwW5Duiv5DNBKYREZPBWJoykD7AYoPMVcZ,0.0,0.006225681,0.9269703,0.0059052417,0.006225681,0.0,0.00658263,0.0
114,5C7xN9oYyEZmgN8HgWBZkWgwkKWE912NAoppUu6mAuenX5Du,5Ff2N6DjL1i3PZ6eyGtJSofVv9LFv7viRr8jXCsN1QZ33doY,0.14150132,0.002075227,0.632166,0.002059968,0.002075227,0.0,0.002207861,0.0
115,5DygNp71dtMjsCBuNddy1SQ2XLA9ww2HDbg3MCR4tt4kUrj9,5HYCHWjd55t9qPWUkrEX2PUmWTxhYr67bEQoe3RLTAw1G3su,0.0,0.00608835,0.90522623,0.005996796,0.00608835,0.0,0.006446919,0.0
116,5DynkM1F18JZpJLwqddWQzjm7SjRr7QWG2e94LYkhxveavUg,5D24HvAjvaHMbWL3Bn5HaTVxEVrKhWj6xtNnkwqBGCajEjvo,0.10575621,0.0064240484,0.9631342,0.0064698253,0.0064240484,0.0,0.006797701,0.0
117,5DtJQpqSiE2q8ExxxRRC3c9anw8WXCoDX5ZRbYB9yNEsPLkZ,5HVwgsJ39C2cwbTYepHwSS7VkBwzvc7e4hUfDjEqg2uygaLU,0.05003403,0.0039673457,0.8405432,0.0037384604,0.0039673457,0.0,0.004192342,0.0
118,5FWXSFLZHuA3wbqBwUF5furChSjrUDsfJ6t77tKEPYoTz9kK,5Do8ukQfSHgJ56GvcoBxxXDit2zrSimcpRSRtF7fXAuNQHsE,0.0,0.0057221334,0.8748913,0.005645838,0.0057221334,0.0,0.006053332,0.0
119,5HNphThpwJDTEha8Xj9gqXoR85FzAbTz7MnFma6wTS9R9aQS,5G67pbmDqPxdw8zBqDDTBtSpxWrkmHc85wTXSRRkGrtYDUxt,0.670597,0.004974441,0.83483636,0.0043640803,0.004974441,0.0,0.005269571,0.0
120,5HGVW58dohCAboVNKWaF7pdk8DoVcvh7N2PWhPpViADZvEHt,5DaYQHF5ZyRUxj922L3VH1UnBCkg5R3izJ3iwufGd6EcuPtA,0.0,0.0058899825,0.8279698,0.0051117726,0.0058899825,0.0,0.006234621,0.0
121,5FgsPuvoGWCZhWEh6UDuvmarWWZFhtiVKn7YJQRAooFKF3D1,5HVwgsJ39C2cwbTYepHwSS7VkBwzvc7e4hUfDjEqg2uygaLU,0.04732723,0.0017853056,0.64034486,0.0016784924,0.0017853056,0.0,0.00188986,0.0
122,5DtLUvqqN1p4pPyH71zY9ajv1CCTjoSUx99U1gZJfLan8ay1,5D24HvAjvaHMbWL3Bn5HaTVxEVrKhWj6xtNnkwqBGCajEjvo,0.0,0.0072938125,0.92826736,0.006836042,0.0072938125,0.0,0.007713803,0.0
123,5DCy98oLzaQxVD8QQRBw4soSAvk4T4xCzrbhb8nCjnmHHUuz,5G67pbmDqPxdw8zBqDDTBtSpxWrkmHc85wTXSRRkGrtYDUxt,0.7211877,0.004119936,0.9024796,0.0039063096,0.004119936,0.0,0.004362047,0.0
124,5EChUzbVQJZeaUsLA6osnqARU4cNtyfxY5eUATgnb2FS8VMf,5G67pbmDqPxdw8zBqDDTBtSpxWrkmHc85wTXSRRkGrtYDUxt,0.70745766,0.0052185855,0.8889296,0.004913405,0.0052185855,0.0,0.005522912,0.0
125,5GWg3fJhsP8azJ4whbvLuNzSRrXw7Wrqey7XYx71nh44LsMg,5HVwgsJ39C2cwbTYepHwSS7VkBwzvc7e4hUfDjEqg2uygaLU,0.056863815,0.0014648661,0.46985582,0.00140383,0.0014648661,0.0,0.001550431,0.0
126,5EezTrneKsGjSj8FdGSRTZPVZRaB3qy3i5J5LmMVVScjaDxh,5DaYQHF5ZyRUxj922L3VH1UnBCkg5R3izJ3iwufGd6EcuPtA,0.104161814,0.0035858701,0.6759899,0.003952087,0.0035858701,0.0,0.003787872,0.0
127,5C4otkhVo1AcDPe2J977DXDv392usaaqxhTj1rveSHjjMr3A,5DaYQHF5ZyRUxj922L3VH1UnBCkg5R3izJ3iwufGd6EcuPtA,0.11301463,0.0038300145,0.8182345,0.004592966,0.0038300145,0.0,0.004061265,0.0
128,5F6xKNYrCCgDs22Z3LxFZuyEc3KrRCrWtdZZSVPGkUYr9TyK,5G67pbmDqPxdw8zBqDDTBtSpxWrkmHc85wTXSRRkGrtYDUxt,0.5981067,0.0022735943,0.6768902,0.0024261845,0.0022735943,0.0,0.002405896,0.0
129,5H9Wp5jbrEhNzb2D7uMzPRe26PGahwejJV71JF4RG4F3DwB3,5G67pbmDqPxdw8zBqDDTBtSpxWrkmHc85wTXSRRkGrtYDUxt,0.6629199,0.003540093,0.70145726,0.0033417258,0.003540093,0.0,0.003749873,0.0
130,5DhoiMx25Pu3TdDdFEoXTGc8sFtFPLCM3foCct5r5AqJXtRc,5HYCHWjd55t9qPWUkrEX2PUmWTxhYr67bEQoe3RLTAw1G3su,0.0,0.0053406577,0.8410925,0.005416953,0.0053406577,0.0,0.005643864,0.0
131,5CFxH5hTRdMcMPN7jpdAHoVgEuLMzRtjLXXrXg778EuRS6Cx,5HYCHWjd55t9qPWUkrEX2PUmWTxhYr67bEQoe3RLTAw1G3su,0.0,0.0049591823,0.7727169,0.0050965133,0.0049591823,0.0,0.005239884,0.0
132,5DoMSxHJN8upSPuiumq3T9xwR5wwJBxnP4b63CzfT7MCDWiW,5Cod7Vh7CF8hpfqfuYNDZ5CqJ68ieGERSsSHAhMrz78YKCax,0.45323744,0.005294881,0.835111,0.0053101396,0.005294881,0.0,0.005603496,0.0
133,5HGsySHdSD1ZPCuzvzAKDkDtjorafMS62qCy1vkhvbNX3znb,5Do8ukQfSHgJ56GvcoBxxXDit2zrSimcpRSRtF7fXAuNQHsE,0.0,0.00067139696,0.35428396,0.0006408789,0.00067139696,0.0,0.000712257,0.0
134,5EHSxNiLNtog9pvPcTcqPVQPTbqnZsMRGPdjPmbVWa4gxLTC,5Do8ukQfSHgJ56GvcoBxxXDit2zrSimcpRSRtF7fXAuNQHsE,0.0914636,0.0057679103,0.85070574,0.00561532,0.0057679103,0.0,0.006098151,0.0
135,5ENdVsnN9HcpT8TvEWxJfWEJMQcg9sbJhVnTLQVqEExRQiRP,5HYCHWjd55t9qPWUkrEX2PUmWTxhYr67bEQoe3RLTAw1G3su,0.0,0.006027314,0.8326848,0.006134127,0.006027314,0.0,0.00637822,0.0
136,5H3cKz2jDXDSKR1KspabpWDgQ57AcRLTvnuNzmyugLtfPXpe,5DqybYVC9CGUGndwW5Duiv5DNBKYREZPBWJoykD7AYoPMVcZ,0.0,0.0073243305,0.9707485,0.008102541,0.0073243305,0.0,0.007745171,0.0
137,5CJWhA5MUKTsDzjxVSYQE5ud6MRCkh7HCSLXdkeQgaRx5Q2b,5G67pbmDqPxdw8zBqDDTBtSpxWrkmHc85wTXSRRkGrtYDUxt,0.15063193,0.0029144732,0.8049439,0.002868696,0.0029144732,0.0,0.003082205,0.0
138,5DaPFX2KcP64bPjBxaUrNGMjxNZ3c2iBngTMFHnVZzJVRVH1,5G67pbmDqPxdw8zBqDDTBtSpxWrkmHc85wTXSRRkGrtYDUxt,0.7462478,0.0065613794,0.94029146,0.0071412222,0.0065613794,0.0,0.006944429,0.0
139,5CUV2oNC58cvjPXU1SQWz2gy4sSUpLQ9jMejDBbEpXmBwTBA,5D24HvAjvaHMbWL3Bn5HaTVxEVrKhWj6xtNnkwqBGCajEjvo,0.0,0.007904174,0.9712673,0.008102541,0.007904174,0.0,0.008358596,0.0
140,5DZdXH27VpTozZ8aGzuW5rZzLkdCmT85ipysSfPonS2MkZQ5,5G67pbmDqPxdw8zBqDDTBtSpxWrkmHc85wTXSRRkGrtYDUxt,0.040607184,0.0037994965,0.73582053,0.0039673457,0.0037994965,0.0,0.004021841,0.0
141,5GshttuEMyrLGbcSFSDMR76QhKuvH7qa9HGQD395oY2FbPJo,5DaYQHF5ZyRUxj922L3VH1UnBCkg5R3izJ3iwufGd6EcuPtA,0.0,0.006912337,0.88496226,0.0061036088,0.006912337,0.0,0.00730757,0.0
142,5GxNqTemN2nmYfiyqTiHCioqeyRXR5g7YeZScvkuPAAo7nBt,5DaYQHF5ZyRUxj922L3VH1UnBCkg5R3izJ3iwufGd6EcuPtA,0.11710858,0.005523766,0.8100557,0.004852369,0.005523766,0.0,0.005836162,0.0
143,5GKH9FPPnWSUoeeTJp19wVtd84XqFW4pyK2ijV2GsFbhTrP1,5GcCZ2BPXBjgG88tXJCEtkbdg2hNrPbL4EFfbiVRvBZdSQDC,1198859.5,0.0,0.0,0.0,0.0,0.24908827,0.2631188,0.86153966
144,5GHDMqVCVZtSBanQRb5Va42tJ9o3GQXSvtuhNZLmgkB8w246,5HYCHWjd55t9qPWUkrEX2PUmWTxhYr67bEQoe3RLTAw1G3su,0.13365337,0.00686656,0.94293123,0.0073548486,0.00686656,0.0,0.007263098,0.0
145,5FLYZ8WJ5zeyBfGNSNzCPSNWxDZr9jsshyoN8YVcp1ttP5xF,5DaYQHF5ZyRUxj922L3VH1UnBCkg5R3izJ3iwufGd6EcuPtA,0.12741105,0.00624094,0.9169757,0.0064240484,0.00624094,0.0,0.006600733,0.0
146,5Gmuv5AZSAbjxHVamyydvcLD3JgDRGoLxSmc7ejwQFSdXuL2,5DaYQHF5ZyRUxj922L3VH1UnBCkg5R3izJ3iwufGd6EcuPtA,0.0,0.0077668424,0.9449607,0.0072022583,0.0077668424,0.0,0.008216789,0.0
147,5HSvgrrztGqGfH6xsuFv5YGwVhJ6N3FEtJoqDThYEqZQB5e7,5D24HvAjvaHMbWL3Bn5HaTVxEVrKhWj6xtNnkwqBGCajEjvo,0.0,0.004013123,0.8157473,0.004028382,0.004013123,0.0,0.004249124,0.0
148,5GBT7d7pYpnVeqY1naxMEfQ8vZaj4evx3SKDP4WFk53bfYYC,5FxWTCJDtPE5fofQ3bMu8Pvw5mpXYEce8BqFkCg7jP3m4RiQ,1.6534699,0.0028992142,0.6184176,0.0026550698,0.0028992142,0.0,0.003069128,0.0
149,5H8Z4UipaAwNHEiWuTA62cfVdLrZWELt15vBg9nsDVPfiiPX,5FxWTCJDtPE5fofQ3bMu8Pvw5mpXYEce8BqFkCg7jP3m4RiQ,1.6155822,0.0035858701,0.69173723,0.0031738766,0.0035858701,0.0,0.00379465,0.0
150,5ERtHCoLdSaJ5P3YLkKCQLnde5bmnmvxeBSGcpPGjFGP5KCh,5FxWTCJDtPE5fofQ3bMu8Pvw5mpXYEce8BqFkCg7jP3m4RiQ,1.5024121,0.006851301,0.89758146,0.0063324943,0.006851301,0.0,0.007249336,0.0
151,5CoBfqNegrB7GMabi2iFcrzegLNnPgoeZRd8Mt4xuaB3Z5Dj,5FH5zL2X5FVToqEEQNQoZ5z3xMtcCLEKSFRkHX6jMSTndfUZ,1.6044881,0.0051117726,0.81695276,0.0044251163,0.0051117726,0.0,0.005405819,0.0
152,5FCk9KXvtJMuzLd8MEzxXBGXXRgocTppPTzacjyenNGxn6GL,5Do8ukQfSHgJ56GvcoBxxXDit2zrSimcpRSRtF7fXAuNQHsE,0.0,0.005706874,0.83506525,0.0057526515,0.005706874,0.0,0.006028819,0.0
153,5Fhj8ZN26BM9MTSuBDqF469agBrjjLR4yWrHTvMAMCpoZrh8,5FH5zL2X5FVToqEEQNQoZ5z3xMtcCLEKSFRkHX6jMSTndfUZ,1.5976219,0.0036163882,0.6707866,0.0037842374,0.0036163882,0.0,0.003829661,0.0
154,5GNFsBYdqT154mcE9SwXLzeR3NQfVDSHnsiDRTRZnBcYzf5j,5FH5zL2X5FVToqEEQNQoZ5z3xMtcCLEKSFRkHX6jMSTndfUZ,1.5676812,0.0032349126,0.64599067,0.0029297322,0.0032349126,0.0,0.003429911,0.0
155,5DHzkXGSMmv8CodZ3UDfKWRQxwShX5KC7Z45RdXcHCx4eQkm,5FH5zL2X5FVToqEEQNQoZ5z3xMtcCLEKSFRkHX6jMSTndfUZ,1.5452248,0.005447471,0.838407,0.0053711757,0.005447471,0.0,0.005768437,0.0
156,5FxWDX6MYhxaWXkrZnHBJox6odSJYfGBZJdzBMet3pkoA59z,5DULaey2UZZmBCcn9tVL5Tn7Q6Np7MxWArD1UWY6oYK7KLW4,0.07424596,0.0015411612,0.61080337,0.0016632334,0.0015411612,0.0,0.001631575,0.0
157,5EeyNJrU9aaDRnkquwJwXTVAbkfyi8M793AyxsPZqGu1CSmo,5HVzBQu6S4e2YtgnW6m1tc6wjZDmdgM6APon8yU6pBbeYZZB,0.0662111,0.0025024796,0.7675135,0.0023956664,0.0025024796,0.0,0.002648753,0.0
158,5ETzkbXzVooTWQ5ENjcSgb7n6PPpb5oXhCWTn3C7wJxSAZbo,5D24HvAjvaHMbWL3Bn5HaTVxEVrKhWj6xtNnkwqBGCajEjvo,0.0,0.0067750057,0.9515221,0.006988632,0.0067750057,0.0,0.007171833,0.0
159,5GZ7ZmXqQm7C91kSwifDNWgsMaSpfecXwh3TY7XLsCN5UHot,5FxWTCJDtPE5fofQ3bMu8Pvw5mpXYEce8BqFkCg7jP3m4RiQ,1.6228795,0.006286717,0.9005112,0.0059815366,0.006286717,0.0,0.006649904,0.0
160,5DD9NjHWNHvmUCPvV97JNpiFgwT4by3Kax7BWXAqeGdFzuqu,5FxWTCJDtPE5fofQ3bMu8Pvw5mpXYEce8BqFkCg7jP3m4RiQ,1.6538154,0.003540093,0.82555884,0.0031128405,0.003540093,0.0,0.003750318,0.0
161,5HKbjK78m4ngNiorDBSVYCeLdNaxaf2EF1r9L7voCNv6VVqn,5FxWTCJDtPE5fofQ3bMu8Pvw5mpXYEce8BqFkCg7jP3m4RiQ,1.6934216,0.0050812545,0.76435494,0.0044556344,0.0050812545,0.0,0.005368076,0.0
162,5Fsijx17WaoGdMVXetMtWCG3dwu9mA24sJar3kHF1bJniALM,5DULaey2UZZmBCcn9tVL5Tn7Q6Np7MxWArD1UWY6oYK7KLW4,0.10235352,0.0029907683,0.7689021,0.0033112078,0.0029907683,0.0,0.003164366,0.0
163,5HL3jDcZqA9TLxPyJ8y16Dj7M4m9ViFZV6FZUg4pryXyvNc6,5FxWTCJDtPE5fofQ3bMu8Pvw5mpXYEce8BqFkCg7jP3m4RiQ,1.6407348,0.0049897004,0.8492103,0.004592966,0.0049897004,0.0,0.005283105,0.0
164,5DoK99NG5Net3CPmGLzK6zRW8SP6xHUdL7PDNNYQ5GSWdAoU,5D24HvAjvaHMbWL3Bn5HaTVxEVrKhWj6xtNnkwqBGCajEjvo,0.0,0.006820783,0.83587396,0.0057984283,0.006820783,0.0,0.007212372,0.0
165,5DvjAuwEfqRZFAobKBKVT9nps53pFXBn2EXFGrehYsGv5D6Q,5Do8ukQfSHgJ56GvcoBxxXDit2zrSimcpRSRtF7fXAuNQHsE,0.0,0.0015259022,0.8037995,0.0016937514,0.0015259022,0.0,0.001615523,0.0
166,5GswVn1878URiT9apfXn4ev1htPiHVjX4AXQixykU2f2mno8,5FvfCgAB4SbcSV4HJmzRrcmWTjjKiM7E6wXR6p96vaH2oCLo,0.06458337,0.0044556344,0.92307925,0.004745556,0.0044556344,0.0,0.00471734,0.0
167,5FjFwYt6MqiKPLqqGhKNaaDbHm3aR72GVmLFmGCJXipjiV5t,5GhPY8W7PbsXimGf7HQTuXpRsPtrjvVcRkd8j8ddkFQ1wDEz,0.02424232,0.005416953,0.8667582,0.0057221334,0.005416953,0.0,0.005726641,0.0
168,5EJEVJyvVrx9fsbGEtpsKRnQJBGvacjxc9wM7hrMzz3yHwAH,5D24HvAjvaHMbWL3Bn5HaTVxEVrKhWj6xtNnkwqBGCajEjvo,0.0,0.00016784924,0.26211947,0.0002136263,0.00016784924,0.0,0.000189398,0.0
169,5FTpoSGNJmg7p6yxSQfKC5YEKfxAi7BrHf4YkJ6cG2M7bqjc,5GhPY8W7PbsXimGf7HQTuXpRsPtrjvVcRkd8j8ddkFQ1wDEz,0.008757628,0.0045014117,0.8807507,0.0045166705,0.0045014117,0.0,0.004765282,0.0
170,5HHHJPn4h6H2VY8x61yWj5vG6BPUr6BqBsGa7eMowCtj8rft,5EqfG5kAKGMHymAMWgVyD6doKxHqZJ7xt3nGBV9Q1eeLQjJz,1.5211675,0.0058136876,0.8528267,0.0050965133,0.0058136876,0.0,0.006142302,0.0
171,5CSyFfoaxCviycpagxApEqt7QsyZYntSRcuXF5UJ1AjjbScZ,5D24HvAjvaHMbWL3Bn5HaTVxEVrKhWj6xtNnkwqBGCajEjvo,0.0,0.008087282,0.90835434,0.0071564815,0.008087282,0.0,0.008549797,0.0
172,5E2LHXLb5iyfzf4SwJnzaLtzcNxoK5REnFMc4B4muLEHSMoQ,5D24HvAjvaHMbWL3Bn5HaTVxEVrKhWj6xtNnkwqBGCajEjvo,0.0,0.004882887,0.87147325,0.004333562,0.004882887,0.0,0.005170314,0.0
173,5FFK7KwpNW8MpFRm3BWcCYoP3HaV4dQMFVL1bx9snqgVCGMU,5EqfG5kAKGMHymAMWgVyD6doKxHqZJ7xt3nGBV9Q1eeLQjJz,1.6097631,0.0052796216,0.90075535,0.0054016938,0.0052796216,0.0,0.005577131,0.0
174,5EHna7DbAKKrtatRpoxMx9dwLuS9tbcFHwHMuCVTsQ3NQd3D,5GhPY8W7PbsXimGf7HQTuXpRsPtrjvVcRkd8j8ddkFQ1wDEz,0.09446444,0.0031891356,0.7647822,0.0030670634,0.0031891356,0.0,0.003379608,0.0
175,5EhT11oaoigBkhNMUA83m1LrL1CEamJ9SQXZq3Y81ycyRztY,5F4VjGyVJHXQ2xurQUdVkRu1bvAcqtf1L9WTqWT4GphvusJU,1.6039629,0.0056000613,0.9574426,0.0052796216,0.0056000613,0.0,0.005929539,0.0
176,5GjQdbdMV1aN62yD9zSSapbF1WS9GsAYk7rxEL8ojL3C8t32,5F4VjGyVJHXQ2xurQUdVkRu1bvAcqtf1L9WTqWT4GphvusJU,1.5729736,0.0031586175,0.6031586,0.0031891356,0.0031586175,0.0,0.003345924,0.0
177,5HWAqzHkkdcN351ZDmJGtdqCicyoPE3JoW48nnBfjiH3tkqu,5DaYQHF5ZyRUxj922L3VH1UnBCkg5R3izJ3iwufGd6EcuPtA,0.0,0.004013123,0.78390175,0.004135195,0.004013123,0.0,0.004241699,0.0
178,5CM9sX5LaK9XZ639ra7f9SpKGfYLXAaqspKmMCMRMpE8GgeJ,5F4VjGyVJHXQ2xurQUdVkRu1bvAcqtf1L9WTqWT4GphvusJU,1.5431136,0.0039368276,0.9165942,0.004074159,0.0039368276,0.0,0.004169335,0.0
179,5DURX8AcvBo72cqibnxgWEi1NqMnSD1DZkPgQrHzxSqQFkrx,5DaYQHF5ZyRUxj922L3VH1UnBCkg5R3izJ3iwufGd6EcuPtA,0.14324872,0.0045166705,0.7685359,0.004562448,0.0045166705,0.0,0.004782281,0.0
180,5HEtTJWFvo71Xy8H1wqsHRhGk4ZGA75e1r8rUbeq3TDF167D,5Do8ukQfSHgJ56GvcoBxxXDit2zrSimcpRSRtF7fXAuNQHsE,0.0,0.0036621653,0.8106966,0.0037994965,0.0036621653,0.0,0.003880271,0.0
181,5CVSJotqonwxxtto7ujNY2meNDQYfiPU7Gt5GzMtrEcih6zn,5EqfG5kAKGMHymAMWgVyD6doKxHqZJ7xt3nGBV9Q1eeLQjJz,1.6092325,0.0011444266,0.4214542,0.0010833906,0.0011444266,0.0,0.001216966,0.0
182,5CJu9BR5UnVLUYGoF3MGyn6VHsAt9bkByY71tKrU24rujZYG,5F4VjGyVJHXQ2xurQUdVkRu1bvAcqtf1L9WTqWT4GphvusJU,1.604311,0.0031280995,0.63364613,0.0030823224,0.0031280995,0.0,0.003306476,0.0
183,5ChsraoequBEAecUex6WumZRcjGNAayq1AoVVMqFPEojmuvQ,5F4VjGyVJHXQ2xurQUdVkRu1bvAcqtf1L9WTqWT4GphvusJU,1.601683,0.005523766,0.9387655,0.006256199,0.005523766,0.0,0.005849424,0.0
184,5ERyncrmi9ZjYysWAUA55KzRCVtt1dVAp6nX316txBiFdxSH,5F4VjGyVJHXQ2xurQUdVkRu1bvAcqtf1L9WTqWT4GphvusJU,1.507898,0.0025482567,0.6505837,0.0024261845,0.0025482567,0.0,0.002707588,0.0
185,5Eshj1FMJmogYbChA7TSxHRaQbSPQt8bjW1HHck26mYeozfk,5HYCHWjd55t9qPWUkrEX2PUmWTxhYr67bEQoe3RLTAw1G3su,0.0,0.0022888533,0.5822843,0.0023346303,0.0022888533,0.0,0.002433073,0.0
186,5GU61DUPZk3KyZA2nms9d678z1fso9kfsSoe4FELx2KPk51E,5FH5zL2X5FVToqEEQNQoZ5z3xMtcCLEKSFRkHX6jMSTndfUZ,0.09924,0.004333562,0.81104755,0.004165713,0.004333562,0.0,0.004591493,0.0
187,5DwJ7qkLreDVALyV2hrDVyywT6fwHw6kLEsmjAkgKMbKM4aJ,5F4VjGyVJHXQ2xurQUdVkRu1bvAcqtf1L9WTqWT4GphvusJU,0.15209101,0.002105745,0.5828946,0.0019073777,0.002105745,0.0,0.002227189,0.0
188,5GppTLccehiabzm69YqnNzY8VU9VFkUdF23EJhBb5FQw9LAZ,5Do8ukQfSHgJ56GvcoBxxXDit2zrSimcpRSRtF7fXAuNQHsE,0.0,0.0073243305,0.9617456,0.00686656,0.0073243305,0.0,0.007745811,0.0
189,5DoamvxvRoZJVe4BiuAJQbLTXBxEXqg44ZBZzPCg6HeSrXYG,5DqybYVC9CGUGndwW5Duiv5DNBKYREZPBWJoykD7AYoPMVcZ,0.0,0.0030518044,0.6168612,0.0030518044,0.0030518044,0.0,0.003234384,0.0
190,5GgMhcovGegxiitMALAFcXkeX34uLDhvn3zbsw7GjWdBmyap,5DaYQHF5ZyRUxj922L3VH1UnBCkg5R3izJ3iwufGd6EcuPtA,0.0,0.0045471885,0.77692837,0.0044251163,0.0045471885,0.0,0.004805396,0.0
191,5G1Bq8SXz9jETzfL24C2NSW7R3rzSqfdWyoQHfgYDJ7kGgjf,5Do8ukQfSHgJ56GvcoBxxXDit2zrSimcpRSRtF7fXAuNQHsE,0.0,0.0064393072,0.9224994,0.0067444877,0.0064393072,0.0,0.006802101,0.0
192,5He1WkdLH91zcZaiV5xiNaE6owau8UKDbNeRn9648p7NU81Z,5HVwgsJ39C2cwbTYepHwSS7VkBwzvc7e4hUfDjEqg2uygaLU,0.0,0.0033264668,0.9088426,0.0038757916,0.0033264668,0.0,0.003517602,0.0
193,5DUHZx68BpzNWTKkQ6SbFKofvfY8qoQoC1PgMUUQH19dkShc,5G67pbmDqPxdw8zBqDDTBtSpxWrkmHc85wTXSRRkGrtYDUxt,0.21483523,0.0051728087,0.8024414,0.005294881,0.0051728087,0.0,0.005477383,0.0
194,5Hbt84hu22jo8S7X75n589ASjnHf7pyxBUR3MBYFFu3t6Zfr,5G67pbmDqPxdw8zBqDDTBtSpxWrkmHc85wTXSRRkGrtYDUxt,0.34792635,0.0029449912,0.7579156,0.0033722438,0.0029449912,0.0,0.003123954,0.0
195,5EsfKvL2jWA6ceRtrqRKg9QpdELzZCK7bxTQWdh2nweBsQ1o,5G67pbmDqPxdw8zBqDDTBtSpxWrkmHc85wTXSRRkGrtYDUxt,0.16542476,0.005355917,0.8439307,0.0053101396,0.005355917,0.0,0.005663233,0.0
196,5EF6MMMceTkK9A6a1t5fz37N9ukcK1fPtyQdyHad2LjGEm2m,5DaYQHF5ZyRUxj922L3VH1UnBCkg5R3izJ3iwufGd6EcuPtA,0.0,0.0051117726,0.86153966,0.0050202184,0.0051117726,0.0,0.005413968,0.0
197,5FjRrPibjfc4p2pMMkcS1CSxAcP6EUwyXDg2Ws6UjG4kKxrW,5G67pbmDqPxdw8zBqDDTBtSpxWrkmHc85wTXSRRkGrtYDUxt,0.23158602,0.0033722438,0.62735945,0.0032654307,0.0033722438,0.0,0.003565694,0.0
198,5FKYMSCazwq8EJQUhcSzVYypbn683NAZ25Dq4jFEghYGkb3R,5D24HvAjvaHMbWL3Bn5HaTVxEVrKhWj6xtNnkwqBGCajEjvo,0.0,0.0050659953,0.8222476,0.0051117726,0.0050659953,0.0,0.005362379,0.0
199,5D2jW372PTKK6fBxH2snKr7hCUTdfjETemXzrebPRetVBhPi,5D24HvAjvaHMbWL3Bn5HaTVxEVrKhWj6xtNnkwqBGCajEjvo,0.0,0.0018005646,0.66082245,0.002059968,0.0018005646,0.0,0.00191586,0.0
200,5Eer4VgfBLhnjvhLXLxrYGPsov72xAKhJMW2Ai8wbfcNvnJr,5Ckvopr6KAXGHFhz9MMBtqRB9WMJ5NaR4q8vkcTGq3x8L4Mz,0.0,0.0008545052,0.79443043,0.0007476921,0.0008545052,0.0,0.000912011,0.0
201,5F6bszNN8jQJW3ypyDto1mgv58jMdHamUExKZ2EKdAwDCfq5,5DqybYVC9CGUGndwW5Duiv5DNBKYREZPBWJoykD7AYoPMVcZ,0.0,0.004974441,0.80102235,0.0046692607,0.004974441,0.0,0.005266154,0.0
202,5Cojq5ojuCBJhbqDbJuZJRACEdg7J69ZEZxwqU5udXJuYkVg,5HYCHWjd55t9qPWUkrEX2PUmWTxhYr67bEQoe3RLTAw1G3su,0.0,0.004028382,0.6934463,0.0037994965,0.004028382,0.0,0.00426834,0.0
203,5HEo565WAy4Dbq3Sv271SAi7syBSofyfhhwRNjFNSM2gP9M2,5E9fVY1jexCNVMjd2rdBsAxeamFGEMfzHcyTn2fHgdHeYc5p,532629.1,0.0,0.0,0.0,0.0,0.09857328,0.10413397,0.7376669
204,5C4ujtn1D2Fb9aC6YraAJasv8xD7AgD2G9pWZexumi6eWE2m,5Cod7Vh7CF8hpfqfuYNDZ5CqJ68ieGERSsSHAhMrz78YKCax,0.44943556,0.0067139696,0.8704509,0.00561532,0.0067139696,0.0,0.007094734,0.0
205,5HHDCXxRy5jcXj4p1xEndp1kNSmjxSanZAK6zmzjQ2fmZYmH,5Do8ukQfSHgJ56GvcoBxxXDit2zrSimcpRSRtF7fXAuNQHsE,0.0,0.005386435,0.87690544,0.0046997787,0.005386435,0.0,0.005696982,0.0
206,5CnrTX6qmgL1Sj1o9mA2KYvgCKpM2h5uMmAjLtbyfrxjG6f8,5Do8ukQfSHgJ56GvcoBxxXDit2zrSimcpRSRtF7fXAuNQHsE,0.0,0.005737392,0.87675285,0.0053711757,0.005737392,0.0,0.006064966,0.0
207,5DRbYMVCgde9R3kLJqoFjY4mXXwgBzrgd8hfb6JpuNTHgCqn,5G67pbmDqPxdw8zBqDDTBtSpxWrkmHc85wTXSRRkGrtYDUxt,0.14026356,0.0033417258,0.70873576,0.0035858701,0.0033417258,0.0,0.003533814,0.0
208,5CLgus98gZzDbDiEMZiT514W5rMdf3NdrmdLHe5hemmJUFD4,5DqybYVC9CGUGndwW5Duiv5DNBKYREZPBWJoykD7AYoPMVcZ,0.0,0.005432212,0.90559244,0.0051422906,0.005432212,0.0,0.005744648,0.0
209,5GhL5HCC56qFQSYGR1xGiyQJNyfiouPFitZNfNaBv1X9m1H5,5GxBP5nbBKiZKmf9iA8qYSrNqh5W8BfA1ZeJTehaNhVzJCEW,0.056955673,0.004776074,0.9232776,0.004867628,0.004776074,0.0,0.005049547,0.0
210,5FEoxJr58HpbCZ8ZLpzrFUc2BMx7gZzYC8116DLn6uGsSWxu,5DaYQHF5ZyRUxj922L3VH1UnBCkg5R3izJ3iwufGd6EcuPtA,0.0,0.004272526,0.74468607,0.0048981463,0.004272526,0.0,0.00452345,0.0
211,5CtVHztdtrJC37Z5zbKuQKfb3no4HAQs5t8PAGbFHhj5EwRS,5DaYQHF5ZyRUxj922L3VH1UnBCkg5R3izJ3iwufGd6EcuPtA,0.0,0.006164645,0.8573434,0.00561532,0.006164645,0.0,0.006521983,0.0
212,5EjcMQgooMKk2U3F6yrCpJmWkBwZpJTrgpw14Ufh3YaXbVQY,5DaYQHF5ZyRUxj922L3VH1UnBCkg5R3izJ3iwufGd6EcuPtA,0.0,0.008331426,0.96269166,0.007614252,0.008331426,0.0,0.008802313,0.0
213,5FqNnSsAC21WdTPVaVxfdJGotPfukxDr5VVwL4CNCvFvbrck,5DaYQHF5ZyRUxj922L3VH1UnBCkg5R3izJ3iwufGd6EcuPtA,0.0,0.00608835,0.8366064,0.0057831695,0.00608835,0.0,0.006440313,0.0
214,5HN8oWMvC2iWnWY6q53GSMyMvHdA4NwEJ3ebYbDMt679pD5D,5DqybYVC9CGUGndwW5Duiv5DNBKYREZPBWJoykD7AYoPMVcZ,0.0,0.0048981463,0.84206915,0.004333562,0.0048981463,0.0,0.005187479,0.0
215,5DLZnBCJXcFLhd3XHAkopw6gCYfk1TM1RTU2nRA1FYg2Wefn,5GhPY8W7PbsXimGf7HQTuXpRsPtrjvVcRkd8j8ddkFQ1wDEz,0.18715796,0.004089418,0.71699095,0.004180972,0.004089418,0.0,0.004331748,0.0
216,5DhB3KALqLVCP3vkFGWaH5npThREzDk1ShWNWf1vwBirV1H9,5GhPY8W7PbsXimGf7HQTuXpRsPtrjvVcRkd8j8ddkFQ1wDEz,0.19675793,0.0037842374,0.65127033,0.003463798,0.0037842374,0.0,0.004004405,0.0
217,5Cyxsms2q6wRST4k5Cxc8b379scczbuzWJCpUqUyUFbWKQrD,5Do8ukQfSHgJ56GvcoBxxXDit2zrSimcpRSRtF7fXAuNQHsE,0.0,0.0053711757,0.89430076,0.0050202184,0.0053711757,0.0,0.005680989,0.0
218,5FsZNnwPoamDTdCRUVeemhVRY4dtxkhyNkbM1b3jnWdzzpxn,5DaYQHF5ZyRUxj922L3VH1UnBCkg5R3izJ3iwufGd6EcuPtA,0.0,0.0066529335,0.92938125,0.006256199,0.0066529335,0.0,0.007031763,0.0
219,5GRh3kuHad22a1S1xh2KTRj6KBozCdYYPbTu4gicUEUjKT15,5Do8ukQfSHgJ56GvcoBxxXDit2zrSimcpRSRtF7fXAuNQHsE,0.12621613,0.006942855,0.9122454,0.0070038913,0.006942855,0.0,0.007334339,0.0
220,5HBQnFDH3bA4wgmjaH7BVPxoNQeDs1gPWUaxP62vvq765dH9,5Cd27vX7Rt9hFoCfhqW6aqwYoTCdbepCcwfNkyZNZy4wsidY,0.17910768,0.0031128405,0.7749599,0.0036469062,0.0031128405,0.0,0.003304079,0.0
221,5DPrTGEfd1YT2ebBNPNeQ1Re9D2pTroszCqVM7BRWGjsgiKS,5DaYQHF5ZyRUxj922L3VH1UnBCkg5R3izJ3iwufGd6EcuPtA,0.12323663,0.007553216,0.9293355,0.006881819,0.007553216,0.0,0.007983658,0.0
222,5EvFn77Dyo9uTW4rnSNFKiEir9SMdCexjveRRWMy7Vjzbkyr,5HYCHWjd55t9qPWUkrEX2PUmWTxhYr67bEQoe3RLTAw1G3su,0.13315052,0.0065918975,0.93785,0.0060425727,0.0065918975,0.0,0.006977163,0.0
223,5Hb63SvXBXqZ8zw6mwW1A39fHdqUrJvohXgepyhp2jgWedSB,5DALJz7mndb2b4bAaxtokVSrKpd9PS48qYPyYerb4xFs7KDb,145982.39,0.0,0.0,0.0,0.0,0.026825361,0.028349819,0.71441215
224,5G6BiBNKfuZSWo18NPzrEhTmqvz6v8PEMCe7pzh24UMqh7y7,5HYCHWjd55t9qPWUkrEX2PUmWTxhYr67bEQoe3RLTAw1G3su,0.10680959,0.0056000613,0.8413519,0.0050659953,0.0056000613,0.0,0.00593041,0.0
225,5DLiFBf3maHiXVQEmfipURKo4JmSc2BX2K9A68Rv2HbjG8zp,5DaYQHF5ZyRUxj922L3VH1UnBCkg5R3izJ3iwufGd6EcuPtA,0.11309929,0.006836042,0.9080796,0.0063630124,0.006836042,0.0,0.007235422,0.0
226,5DhmtwbmyUJvnQMeWVRbB59GmW4i9hrNfPHcpSd87Dbpn6KR,5DaYQHF5ZyRUxj922L3VH1UnBCkg5R3izJ3iwufGd6EcuPtA,0.0,0.0051422906,0.8466621,0.0043793395,0.0051422906,0.0,0.005432598,0.0
227,5GUGp59VYwoDtDBdxEbAqmi5yRtjFKrTxWfsrsKUMEWbKsnF,5DaYQHF5ZyRUxj922L3VH1UnBCkg5R3izJ3iwufGd6EcuPtA,0.0,0.00546273,0.80549324,0.005035477,0.00546273,0.0,0.005783593,0.0
228,5GhUvjS8Go7e1LtJS8HyiCQiz3S9jyA8Uztg3zYvaSZzCDv1,5DaYQHF5ZyRUxj922L3VH1UnBCkg5R3izJ3iwufGd6EcuPtA,0.0,0.0049591823,0.8218051,0.004913405,0.0049591823,0.0,0.005242078,0.0
229,5HKDzyZB13CgQNMAiv7ucadF5LeABEbHwTKpW13ZNDDNED57,5DaYQHF5ZyRUxj922L3VH1UnBCkg5R3izJ3iwufGd6EcuPtA,0.12671243,0.0051575494,0.8969406,0.005355917,0.0051575494,0.0,0.005457023,0.0
230,5ECgPLYxnnwFHc8bqJJKty3gbu1XCZ9CCgPMw42PpH149GwG,5Do8ukQfSHgJ56GvcoBxxXDit2zrSimcpRSRtF7fXAuNQHsE,0.0,0.006057832,0.9452964,0.0057526515,0.006057832,0.0,0.006410163,0.0
231,5CcJojdzLBdo33jj2WQftwodCwqmroLjoyS5VQVay15gDD7z,5HVwgsJ39C2cwbTYepHwSS7VkBwzvc7e4hUfDjEqg2uygaLU,0.0,0.003524834,0.8328832,0.0037689784,0.003524834,0.0,0.003731991,0.0
232,5HYyYbQC7kotSTdQigDt9CNMRj5ui4y7AmTqFkmTJEikMStn,5DqybYVC9CGUGndwW5Duiv5DNBKYREZPBWJoykD7AYoPMVcZ,0.0,0.007690547,0.9336385,0.0072785537,0.007690547,0.0,0.008123933,0.0
233,5FEXPodGBqtFrHSrdagjAJmr6usRmQcJUeqTjyiMKusJJfXT,5HYCHWjd55t9qPWUkrEX2PUmWTxhYr67bEQoe3RLTAw1G3su,0.0,0.0033417258,0.7536126,0.0029907683,0.0033417258,0.0,0.003531979,0.0
234,5DtpmAyNdEqRJhGeHC7bSdrQwx4hpbgd1hJApRMytPyPaDW4,5HYCHWjd55t9qPWUkrEX2PUmWTxhYr67bEQoe3RLTAw1G3su,0.0,0.0058594644,0.8131685,0.005447471,0.0058594644,0.0,0.006204494,0.0
235,5EhvL1FVkQPpMjZX4MAADcW42i3xPSF1KiCpuaxTYVr28sux,5HJvTnicbUEyKHE8pu3tWVhECRiqgDmxKE3AcG4H4djeyRK8,250435.8,0.0,0.0,0.0,0.0,0.034729533,0.036698256,0.7454185
236,5GZd8K6h6j18HUsASyCjAoa5BSR394wC33fZC4nkdbuqGhmW,5D24HvAjvaHMbWL3Bn5HaTVxEVrKhWj6xtNnkwqBGCajEjvo,0.0,0.006988632,0.91647214,0.0066224155,0.006988632,0.0,0.00739795,0.0
237,5FJ5iP2wNd4nink9aWfjZ846bfPnKLzKJASPLjrCTE4bRqrL,5Cd27vX7Rt9hFoCfhqW6aqwYoTCdbepCcwfNkyZNZy4wsidY,1.023653,0.0070038913,0.97395283,0.0063324943,0.0070038913,0.0,0.007398368,0.0
238,5Cd31PY5kSnnSc9m3rk4H8QeQQFC6cfYVd8nJztFRCveiviz,5Cd27vX7Rt9hFoCfhqW6aqwYoTCdbepCcwfNkyZNZy4wsidY,1.0000426,0.004715038,0.819852,0.0049897004,0.004715038,0.0,0.0049896,0.0
239,5EZeNXBFeYGG2BkAKtoTwNGmhTqPcShXWPF7gK3qoPmRczpH,5Cd27vX7Rt9hFoCfhqW6aqwYoTCdbepCcwfNkyZNZy4wsidY,0.93406564,0.0064393072,0.95309377,0.006881819,0.0064393072,0.0,0.006809184,0.0
240,5DPSfWrud55cLgddBHfzn6vcbqitVndmZf3vdX5epiRfRkTX,5Cod7Vh7CF8hpfqfuYNDZ5CqJ68ieGERSsSHAhMrz78YKCax,0.5007921,0.0037232013,0.6757458,0.0032349126,0.0037232013,0.0,0.003936006,0.0
241,5DNqxzkmENqKmQRom4ABFXGKw3LWMwKRnrWVMwLe2Yr3fJsY,5Cod7Vh7CF8hpfqfuYNDZ5CqJ68ieGERSsSHAhMrz78YKCax,0.58381534,0.006759747,0.9521172,0.0064545665,0.006759747,0.0,0.007153818,0.0
242,5Dd8gaRNdhm1YP7G1hcB1N842ecAUQmbLjCRLqH5ycaTGrWv,5GBkWRazB6zjyKg8GtkDr347Vndkq8pWock2XQP1NMEn1jo5,284348.44,0.0,0.0,0.0,0.0,0.055313956,0.05844315,0.7632105
243,5GWvfGWt2L8Am9q96f3ovPeQCoeSM3x5kfVX8YtUf1Z2tYCr,5DaYQHF5ZyRUxj922L3VH1UnBCkg5R3izJ3iwufGd6EcuPtA,0.106630675,0.005508507,0.8649424,0.004943923,0.005508507,0.0,0.005821594,0.0
244,5CsvRJXuR955WojnGMdok1hbhffZyB4N5ocrv82f3p5A2zVp,5EJAqczgzCMvWcmXhKMZH4vMS5gPy8BjeuHjz5o5yN6RYzX2,49076.91,0.0,0.0,0.0,0.0,0.013763638,0.014540883,0.97953767
245,5Chi5BzzKy1rVb27sVphADu6bgAMKuK1hxj8BYMXGpDRyXws,5DaYQHF5ZyRUxj922L3VH1UnBCkg5R3izJ3iwufGd6EcuPtA,0.0,0.004043641,0.699321,0.003448539,0.004043641,0.0,0.004282386,0.0
246,5CXT2brBgtHgSc8Vd1b8quurNvCTwQtujbwheJZKPumMPJC6,5HVwgsJ39C2cwbTYepHwSS7VkBwzvc7e4hUfDjEqg2uygaLU,0.048814937,0.004013123,0.894728,0.0038757916,0.004013123,0.0,0.004246173,0.0
247,5CRp2rHWR4HT38sSKVSfwU5zxpqnWjFo8ixbABanZguuESSj,5F4VjGyVJHXQ2xurQUdVkRu1bvAcqtf1L9WTqWT4GphvusJU,0.90755147,0.006347753,0.95793086,0.005554284,0.006347753,0.0,0.006711063,0.0
248,5CVS9d1NcQyWKUyadLevwGxg6LgBcF9Lik6NSnbe5q59jwhE,5EsutAGoekFjUm8DHAXSpLBGMKDUGALsLCbEb5JCwK6yiwTH,37762.566,0.0,0.0,0.0,0.0,0.009491112,0.010035325,0.9793088
249,5GBbAJfmVWRZj2rTx2hAHwP7GSaUVLhtvjiiJHv6TP9CPHjw,5DqybYVC9CGUGndwW5Duiv5DNBKYREZPBWJoykD7AYoPMVcZ,0.0,0.0064850845,0.9357443,0.0064240484,0.0064850845,0.0,0.006857174,0.0
250,5HbLYXUBy1snPR8nfioQ7GoA9x76EELzEq9j7F32vWUQHm1x,5DSsZGwBuYHRDA7HzdZUVBhKKpZpJKcf7rTd9y5Gz1SQyo9V,192938.86,0.0,0.0,0.0,0.0,0.035751887,0.037768893,0.7270924
251,5Ckzk9QgUq1HtoU2XCj2RtXV21fXFiPSay9WbX6EbHY8rz1r,5Cd27vX7Rt9hFoCfhqW6aqwYoTCdbepCcwfNkyZNZy4wsidY,1.0482574,0.006698711,0.9310597,0.0065613794,0.006698711,0.0,0.007088787,0.0
252,5HK5tp6t2S59DywmHRWPBVJeJ86T61KjurYqeooqj8sREpeN,5CAwB3dSiMC5jJfpvVU47zT3Gyz5ZDoiyHMaYZUuNs5hFh2P,322589.44,0.0,0.0,0.0,0.0,0.06286717,0.0664062,0.79674983
253,5GP7c3fFazW9GXK8Up3qgu2DJBk8inu4aK9TZy3RuoSWVCMi,5DkwfxC9mZTTCsRUt6nrnwQEWVrhsmY13SBRparj6cpAVxVY,248651.98,0.0,0.0,0.0,0.0,0.06445411,0.068096794,0.9080796
254,5DvTpiniW9s3APmHRYn8FroUWyfnLtrsid5Mtn5EwMXHN2ed,5G1KeLg1rda5kBZ9pWVnpAe3y4RwRRphcVxuY5mukLFStJhj,199057.6,0.0,0.0,0.0,0.0,0.038422216,0.04059287,0.76073855
255,5F4tQyWrhfGVcNhoqeiNsR6KjD4wMZ2kfhLj4oHYuyHbZAc3,5HBtpwxuGNL1gwzwomwR7sjwUt8WXYSuWcLYN6f9KpTZkP4k,1003624.4,0.0,0.0,0.0,0.0,0.19790952,0.20906414,0.8222476
